user_id,user_name,email,password,profile,email_notification_setteing,twitter_account_connection,profile_img_num
1,めいびい,emailisdummy0893@gmail.com,cnwbsevwe98e021,,0,0,
2,takmi,takmi0304@gmail.com,taktaktak!,都内の大学に通ってます/giveer/volunteeer,0,0,/assets/dummy_icons/102.jpg
3,斉木久美子,2mom2015ayu@gmail.com,ayu2222mommomo,,0,0,/assets/dummy_icons/101.jpg
4,三原和人,emailissuperdummy129384@gmail.com,231413t5sdvsv,,0,0,
5,しばたま,shibatama45122@gmail.com,shibashibattop!,たくさん読みます,0,0,/assets/dummy_icons/103.jpg
6,yukinaga_me,yukki0623@gmail.com,3r2087jnjsdvjvs,,0,0,
7,nemotaf,nemoto.af.r.ica@gmail.com,nemnemnemafffff3910,,0,0,
8,まやこ,maya.yukokihkos@gmail.com,mayakosme22,まやこだよ,0,0,
9,urdas,urdas.mememe@gmail.com,djcrtu333!,,0,0,/assets/dummy_icons/104.jpg
10,yuta huku,hukuyuta0515@gmail.com,hukuhuku0005,インプットとアウトプットを意識的にやって行くのがテーマです！,0,0,
11,すずきあみ,amisuzuki000.1@gmail.com,hgermsdoq298e0,最近本を読みはじめました^^,0,0,
12,kamer_dg,kamerier_designs88990@gmail.com,fbd309e20,,0,0,
13,piroqer,piroquer@gmail.com,ty34ugnsdhb,,0,0,
14,とーらんどっと,emailissomuchdummy219012@gmail.com,nvuwiehf3902,,0,0,/assets/dummy_icons/105.jpg
15,soms,somsdayone@gmail.com,9ur3902nvkj,,0,0,/assets/dummy_icons/106.jpg
16,maru_suhiP,maruuship@gmail.com,nvirsj392i,漫画家になりたい,0,0,
17,藤崎竜,ryuhujisaki7e8219@gmail.com,3t77ryujenk,,0,0,
18,meetpicks,meetpicksfrjog@gmail.com,87390q80,,0,0,
19,円鏡弟分@59kg,ennkyootoutodayo@gmail.com,49u20r3ifjvn,たまに生きてます,0,0,
20,aida_shu,aidashu717000@gmail.com,39ru02bvjksd,,0,0,
21,TKYS,tkysdayonesoudayo884@gmail.com,3998u24frenf,,0,0,
22,tomo/matt,tomematt2991@gmail.com,82039rifjn,,0,0,
